{
  "means": [
    0.9761990308761597,
    2.1793177127838135,
    1.1692863702774048,
    0.4131026268005371,
    0.8569204211235046,
    0.042512618005275726,
    0.31775563955307007
  ],
  "stds": [
    0.5762590765953064,
    0.710457444190979,
    0.6838517189025879,
    0.9912929534912109,
    1.1073529720306396,
    1.2768758535385132,
    0.33272308111190796
  ]
}