{
  "means": [
    0.9761991500854492,
    2.1793179512023926,
    1.1692863702774048,
    0.4131026268005371,
    0.8569205403327942,
    0.042512618005275726,
    0.31775566935539246
  ],
  "stds": [
    0.5762588977813721,
    0.7104567885398865,
    0.6838517189025879,
    0.9912929534912109,
    1.10735285282135,
    1.2768758535385132,
    0.33272305130958557
  ]
}