{
  "means": [
    0.9754527807235718,
    2.209864854812622,
    1.175929069519043,
    0.480802446603775,
    0.7246145009994507,
    0.01918829418718815,
    0.32904502749443054
  ],
  "stds": [
    0.6102175116539001,
    0.7219393253326416,
    0.6936440467834473,
    1.0566407442092896,
    1.2392516136169434,
    1.3238449096679688,
    0.3163972496986389
  ]
}