{
  "means": [
    1.0327684879302979,
    2.2306222915649414,
    1.1536264419555664,
    0.35243481397628784,
    0.8920501470565796,
    -0.018931448459625244,
    0.3622766435146332
  ],
  "stds": [
    0.5995061993598938,
    0.7577901482582092,
    0.731116771697998,
    1.073404312133789,
    1.132996678352356,
    1.3183770179748535,
    0.32639285922050476
  ]
}