{
  "means": [
    0.9378919005393982,
    2.1467137336730957,
    1.1744511127471924,
    0.42429083585739136,
    0.6653633117675781,
    0.11601662635803223,
    0.31373926997184753
  ],
  "stds": [
    0.5880756974220276,
    0.7145141363143921,
    0.7048094272613525,
    1.0499167442321777,
    1.224554419517517,
    1.3650527000427246,
    0.34807202219963074
  ]
}