{
  "means": [
    0.9378920197486877,
    2.1467137336730957,
    1.1744509935379028,
    0.42429086565971375,
    0.6653633117675781,
    0.11601660400629044,
    0.31373926997184753
  ],
  "stds": [
    0.5880755186080933,
    0.7145141363143921,
    0.704809308052063,
    1.0499167442321777,
    1.2245543003082275,
    1.3650527000427246,
    0.34807196259498596
  ]
}