{
  "means": [
    1.0327686071395874,
    2.2306220531463623,
    1.1536266803741455,
    0.35243481397628784,
    0.8920500874519348,
    -0.018931429833173752,
    0.3622766435146332
  ],
  "stds": [
    0.5995059013366699,
    0.7577905058860779,
    0.7311163544654846,
    1.073404312133789,
    1.1329965591430664,
    1.3183770179748535,
    0.32639291882514954
  ]
}