ID,Name,SMILES,IonType,LogP,pred_t_half,obs_t_half,pred_Vd,obs_Vd,pred_CL,obs_CL,pred_F,obs_F,pred_PPB,obs_PPB,pred_Cmax,obs_Cmax,pred_Tmax,obs_Tmax
1,PENICILLIN V,CC1(C)S[C@@H]2[C@H](NC(=O)COc3ccccc3)C(=O)N2[C@H]1C(=O)[O-].[K+],Anionic,-3.633599999999997,2.594061057096032,0.84,22.80079056973213,26.6,6.842526388939179,26.5,70.79477703303522,,77.75669919007507,80.0,8.003035730236153,,1.4386260326911104,
2,LOSARTAN,CCCCc1nc(Cl)c(CO[N+](=O)[O-])n1Cc1ccc(-c2ccccc2-c2nn[nH]n2)cc1,Anionic,4.482800000000004,4.238126049991449,2.0,33.48742764158719,34.0,6.011057695990419,36.0,81.4991879394193,33.0,94.16753469311452,98.7,9.380996270521253,,1.8639173268163927,1.0
3,SECOBARBITAL,C=CCC1(C(C)CCC)C(=O)[N-]C(=O)NC1=O.[Na+],Neutral,-0.8607999999999985,4.332524809691593,28.0,91.60396522229387,97.5,17.477382367020947,,74.32755292334869,90.0,57.56971819020161,50.0,1.40198414854624,,1.695157803964556,3.0
4,VENLAFAXINE,COc1ccc(C(CN(C)C)C2(O)CCCCC2)cc1.Cl,Cationic,3.457400000000003,11.2300955824062,5.0,495.4731480134657,487.0,31.883020098761506,84.5,61.58358364465344,92.0,82.79269971293397,27.0,0.23550202394086384,0.812,2.4647545524691497,2.0
