{
  "means": [
    0.9761990308761597,
    2.1793181896209717,
    1.1692863702774048,
    0.4131026268005371,
    0.8569205403327942,
    0.04251262918114662,
    0.31775563955307007
  ],
  "stds": [
    0.5762589573860168,
    0.7104560732841492,
    0.6838517189025879,
    0.9912929534912109,
    1.10735285282135,
    1.2768758535385132,
    0.33272311091423035
  ]
}