{
  "means": [
    0.975452721118927,
    2.209864854812622,
    1.1759289503097534,
    0.480802446603775,
    0.7246145606040955,
    0.01918829418718815,
    0.32904502749443054
  ],
  "stds": [
    0.6102176308631897,
    0.7219396233558655,
    0.693644106388092,
    1.0566407442092896,
    1.2392514944076538,
    1.3238449096679688,
    0.3163972496986389
  ]
}