{
  "means": [
    0.9766554236412048,
    2.179229736328125,
    1.1543233394622803,
    0.4245641827583313,
    0.740132749080658,
    0.04534422606229782,
    0.3345501124858856
  ],
  "stds": [
    0.6084905862808228,
    0.7226206064224243,
    0.6864023208618164,
    1.0789066553115845,
    1.2172956466674805,
    1.2801692485809326,
    0.34346461296081543
  ]
}