{
  "means": [
    0.975452721118927,
    2.209865093231201,
    1.1759289503097534,
    0.4808024764060974,
    0.7246145606040955,
    0.01918829418718815,
    0.32904499769210815
  ],
  "stds": [
    0.6102176904678345,
    0.7219380140304565,
    0.6936444044113159,
    1.056640863418579,
    1.2392514944076538,
    1.3238447904586792,
    0.3163972795009613
  ]
}