{
  "means": [
    0.9378918409347534,
    2.1467137336730957,
    1.1744511127471924,
    0.42429083585739136,
    0.6653633117675781,
    0.11601662635803223,
    0.31373924016952515
  ],
  "stds": [
    0.5880757570266724,
    0.7145138382911682,
    0.7048091888427734,
    1.0499167442321777,
    1.2245543003082275,
    1.365052580833435,
    0.34807199239730835
  ]
}