{
  "means": [
    1.0327686071395874,
    2.230621814727783,
    1.1536264419555664,
    0.35243481397628784,
    0.8920501470565796,
    -0.018931444734334946,
    0.3622766435146332
  ],
  "stds": [
    0.5995057821273804,
    0.7577913999557495,
    0.731116771697998,
    1.073404312133789,
    1.132996678352356,
    1.3183770179748535,
    0.32639291882514954
  ]
}